<?xml version="1.0" ?>
<tvb_data Data_version="3">
	<status>5-FINISHED</status>
	<range_values>None</range_values>
	<create_date>2015-07-09,00-32-27.848658</create_date>
	<parameters>{&quot;uploaded&quot;: &quot;/Users/MW/TVB/PROJECTS/Default_Project_v14/TEMP/.tmp2015-07-09,00-32-27.841066_uploaded_connectivity_76.zip&quot;, &quot;Data_Subject&quot;: &quot;John Doe&quot;}</parameters>
	<fk_launched_in>2cc58a73-25c1-11e5-a7af-14109fe3bf71</fk_launched_in>
	<fk_from_algo>{&quot;classname&quot;: &quot;ZIPConnectivityImporter&quot;, &quot;identifier&quot;: null, &quot;init_parameter&quot;: null, &quot;module&quot;: &quot;tvb.adapters.uploaders.zip_connectivity_importer&quot;}</fk_from_algo>
	<additional_info></additional_info>
	<method_name>launch</method_name>
	<visible>True</visible>
	<completion_date>2015-07-09,00-32-27.980213</completion_date>
	<meta_data>{&quot;Data_State&quot;: &quot;RAW_DATA&quot;}</meta_data>
	<estimated_disk_size>0</estimated_disk_size>
	<user_group>2015-07-09,00-32-27</user_group>
	<gid>368850bd-25c1-11e5-a0a2-14109fe3bf71</gid>
	<start_date>2015-07-09,00-32-27.873052</start_date>
</tvb_data>
